<?xml version="1.0" encoding="UTF-8"?>

<ExtensionManifest Version="4.0" ExtensionBundleId="PNGExpress" ExtensionBundleVersion="2.8.1"
		ExtensionBundleName="PngExpress" xmlns:xsi="http://www.w3.org/2001/XMLSchema-instance">
	<Author>
		<![CDATA[Rune Lund-Hermansen]]>
	</Author>	<Contact mailto="info@pngexpress.com"/>	<Abstract>
		<![CDATA[PNG EXPRESS is an Adobe Photoshop panel extension focused on automating, optimizing, and improving the delivery of UI designs for development.]]>
	</Abstract>	<ExtensionList>
		<Extension Id="PNGExpress" Version="2.8.1" />
	</ExtensionList>
	<ExecutionEnvironment>
		<HostList>
			<Host Name="PHSP" Version="[15.0,20.9]" />
			<Host Name="PHXS" Version="[15.0,20.9]" />
		</HostList>
		<LocaleList>
			<Locale Code="All" />
		</LocaleList>
		<RequiredRuntimeList>
			<RequiredRuntime Name="CSXS" Version="6.0" />

		</RequiredRuntimeList>
	</ExecutionEnvironment>
	<DispatchInfoList>
		<Extension Id="PNGExpress">
			<DispatchInfo >
				<Resources>
				<MainPath>./index.html</MainPath>
				<ScriptPath>./PngExpress.jsx</ScriptPath>
				</Resources>
				<Lifecycle>
					<AutoVisible>true</AutoVisible>
				</Lifecycle>
				<UI>
					<Type>Panel</Type>
					<Menu>PNG Express</Menu>
					<Geometry>
						<Size>
							<Height>394</Height>
							<Width>220</Width>
						</Size>
						<MaxSize>
							<Height>394</Height>
							<Width>220</Width>
						</MaxSize>
						<MinSize>
							<Height>394</Height>
							<Width>220</Width>
						</MinSize>
					</Geometry>
					<Icons>
						<Icon Type="Normal">./img/IconLight.png</Icon>
						<Icon Type="DarkNormal">./img/IconDark.png</Icon>
					</Icons>
				</UI>
			</DispatchInfo>
		</Extension>
	</DispatchInfoList>
</ExtensionManifest>