﻿{
  "document": {
     "name":"{{document.name}}",
     "path":"{{document.path}}",
     "width":{{document.width}},
     "height":{{document.height}},
     "width-raw":{{document.width-raw}},
     "height-raw":{{document.height-raw}}
  },
  "export": {
     "date":"{{export.date}}",
     "path":"{{export.path}}",
	 "iosWebOutputs": [{{export.iosWebOutputs}}{{.}}{{if #|last|falsy}},{{/if}}{{/export.iosWebOutputs}}],
	 "androidOutputs": [{{export.androidOutputs}}{{.}}{{if #|last|falsy}},{{/if}}{{/export.androidOutputs}}],
     "iosWebSubfolder":"{{export.iosWebSubfolder}}",
     "androidSubfolder":"{{export.androidSubfolder}}",
     "designResolution":{{export.designResolution}},
     "specScaling":{{export.specScaling}},
     "assetCount":{{export.assetCount}},
     "fileCount":{{export.fileCount}}
  },
  "assets": [{{assets}}
	{
		"assetName":"{{assetName}}",
		"format":"{{format}}",
		"x":{{x}},
		"y":{{y}},
		"x-raw":{{x-raw}},
		"y-raw":{{y-raw}},
		"width":{{width}},
		"height":{{height}},
		"width-raw":{{width-raw}},
		"height-raw":{{height-raw}},
		"zIndex":{{zIndex}},
		"visible":{{visible}},
		"opacity":{{opacity}},
		"count":{{count}},
		"versions":[{{versions}}
			{
				"assetName":"{{assetName}}",
				"varName":"{{varName}}",
				"stateName":"{{stateName}}",
				"file":"{{file}}",
				"path":"{{path}}",
				"specificPath":"{{specificPath}}",
				"fullPath":"{{fullPath}}",
				"path-@2x":"{{path-@2x}}",
				"fullPath-@2x":"{{fullPath-@2x}}",
				"path-@3x":"{{path-@3x}}",
				"fullPath-@3x":"{{fullPath-@3x}}",
				"path-ldpi":"{{path-ldpi}}",
				"fullPath-ldpi":"{{fullPath-ldpi}}",
				"path-mdpi":"{{path-mdpi}}",
				"fullPath-mdpi":"{{fullPath-mdpi}}",
				"path-hdpi":"{{path-hdpi}}",
				"fullPath-hdpi":"{{fullPath-hdpi}}",
				"path-xhdpi":"{{path-xhdpi}}",
				"fullPath-xhdpi":"{{fullPath-xhdpi}}",
				"path-xxhdpi":"{{path-xxhdpi}}",
				"fullPath-xxhdpi":"{{fullPath-xxhdpi}}",
				"path-xxxhdpi":"{{path-xxxhdpi}}",
				"fullPath-xxxhdpi":"{{fullPath-xxxhdpi}}",
				"x":{{x}},
				"y":{{y}},
				"x-raw":{{x-raw}},
				"y-raw":{{y-raw}},
				"width":{{width}},
				"height":{{height}},
				"width-raw":{{width-raw}},
				"height-raw":{{height-raw}},
				"visible":{{visible}},
				"opacity":{{opacity}}
			}{{if #|last|falsy}},{{/if}}{{/versions}}
		]
	}{{if #|last|falsy}},{{/if}}{{/assets}}
  ],
  "texts": [{{texts}}
	{
		"name":"{{name}}",
		"content":"{{content}}",
		"kind":"{{kind}}",
		"x":{{x}},
		"y":{{y}},
		"x-raw":{{x-raw}},
		"y-raw":{{y-raw}},
		"width":{{width}},
		"height":{{height}},
		"width-raw":{{width-raw}},
		"height-raw":{{height-raw}},
		"font":"{{font}}",
		"fontSize":{{fontSize}},
		"fontColorHex":"{{fontColorHex}}",
		"fontColorRgb":"{{fontColorRgb}}",
		"underline":{{underline}},
		"justification":"{{justification}}",
		"letterSpacing":"{{letterSpacing}}",
		"lineHeight":"{{lineHeight}}",
		"zIndex":{{zIndex}},
		"visible":{{visible}},
		"opacity":"{{opacity}}"
	}{{if #|last|falsy}},{{/if}}{{/texts}}
  ]
}