﻿<?xml version="1.0" encoding="UTF-8"?>
<metadata>
	<document>
		<name>{{document.name}}</name>
		<path>{{document.path}}</path>
		<width>{{document.width}}</width>
		<height>{{document.height}}</height>
		<width-raw>{{document.width-raw}}</width-raw>
		<height-raw>{{document.height-raw}}</height-raw>
	</document>
	<export>
		 <date>{{export.date}}</date>
		 <path>{{export.path}}</path>
		 <iosWebOutputs>{{export.iosWebOutputs}}
			<output>{{.}}</output>{{/export.iosWebOutputs}}
		 </iosWebOutputs>
		 <androidOutputs>{{export.androidOutputs}}
			<output>{{.}}</output>{{/export.androidOutputs}}
		 </androidOutputs>
		 <iosWebSubfolder>{{export.iosWebSubfolder}}</iosWebSubfolder>
		 <androidSubfolder>{{export.androidSubfolder}}</androidSubfolder>
		 <designResolution>{{export.designResolution}}</designResolution>
		 <specScaling>{{export.specScaling}}</specScaling>
		 <assetCount>{{export.assetCount}}</assetCount>
		 <fileCount>{{export.fileCount}}</fileCount>
	</export>
	<assets>{{assets}}
		<asset id="{{assetName}}">
			<assetName>{{assetName}}</assetName>
			<format>{{format}}</format>
			<x>{{x}}</x>
			<y>{{y}}</y>
			<x-raw>{{x-raw}}</x-raw>
			<y-raw>{{y-raw}}</y-raw>
			<width>{{width}}</width>
			<height>{{height}}</height>
			<width-raw>{{width-raw}}</width-raw>
			<height-raw>{{height-raw}}</height-raw>
			<zIndex>{{zIndex}}</zIndex>
			<visible>{{visible}}</visible>
			<opacity>{{opacity}}</opacity>
			<count>{{count}}</count>
			<versions>{{versions}}
				<version id="{{assetName}}{{varName}}{{stateName}}">
					<assetName>{{assetName}}</assetName>
					<varName>{{varName}}</varName>
					<stateName>{{stateName}}</stateName>
					<file>{{file}}</file>
					<path>{{path}}</path>
					<specificPath>{{specificPath}}</specificPath>
					<fullPath>{{fullPath}}</fullPath>
					<path-@2x>{{path-@2x}}</path-@2x>
					<fullPath-@2x>{{fullPath-@2x}}</fullPath-@2x>
					<path-@3x>{{path-@3x}}</path-@3x>
					<fullPath-@3x>{{fullPath-@3x}}</fullPath-@3x>
					<path-ldpi>{{path-ldpi}}</path-ldpi>
					<fullPath-ldpi>{{fullPath-ldpi}}</fullPath-ldpi>
					<path-mdpi>{{path-mdpi}}</path-mdpi>
					<fullPath-mdpi>{{fullPath-mdpi}}</fullPath-mdpi>
					<path-hdpi>{{path-hdpi}}</path-hdpi>
					<fullPath-hdpi>{{fullPath-hdpi}}</fullPath-hdpi>
					<path-xhdpi>{{path-xhdpi}}</path-xhdpi>
					<fullPath-xhdpi>{{fullPath-xhdpi}}</fullPath-xhdpi>
					<path-xxhdpi>{{path-xxhdpi}}</path-xxhdpi>
					<fullPath-xxhdpi>{{fullPath-xxhdpi}}</fullPath-xxhdpi>
					<path-xxxhdpi>{{path-xxxhdpi}}</path-xxxhdpi>
					<fullPath-xxxhdpi>{{fullPath-xxxhdpi}}</fullPath-xxxhdpi>
					<x>{{x}}</x>
					<y>{{y}}</y>
					<x-raw>{{x-raw}}</x-raw>
					<y-raw>{{y-raw}}</y-raw>
					<width>{{width}}</width>
					<height>{{height}}</height>
					<width-raw>{{width-raw}}</width-raw>
					<height-raw>{{height-raw}}</height-raw>
					<visible>{{visible}}</visible>
					<opacity>{{opacity}}</opacity>
				</version>{{/versions}}		
			</versions>
		</asset>{{/assets}}		
	</assets>
	<texts>{{texts}}
		<text id="{{name|chop>32}}">
			<name>{{name}}</name>
			<content>{{content}}</content>
			<kind>{{kind}}</kind>
			<x>{{x}}</x>
			<y>{{y}}</y>
			<x-raw>{{x-raw}}</x-raw>
			<y-raw>{{y-raw}}</y-raw>
			<width>{{width}}</width>
			<height>{{height}}</height>
			<width-raw>{{width-raw}}</width-raw>
			<height-raw>{{height-raw}}</height-raw>
			<font>{{font}}</font>
			<fontSize>{{fontSize}}</fontSize>
			<fontColorHex>{{fontColorHex}}</fontColorHex>
			<fontColorRgb>{{fontColorRgb}}</fontColorRgb>
			<underline>{{underline}}</underline>
			<justification>{{justification}}</justification>
			<letterSpacing>{{letterSpacing}}</letterSpacing>
			<lineHeight>{{lineHeight}}</lineHeight>
			<zIndex>{{zIndex}}</zIndex>
			<visible>{{visible}}</visible>
			<opacity>{{opacity}}</opacity>
		</text>{{/texts}}	
	</texts>
</metadata>